University ID,Program,Semester 1 Subjects,Semester 2 Subjects,Semester 3 Subjects,Semester 4 Subjects
jain,MBA,Business Economics | Sustainability & Ethics | Financial Reporting & Corporate Finance | OB & HRM | Quantitative Techniques-I.,Entrepreneurship | Marketing Management | Quantitative Techniques-II | Python for Data Science | Business Analytics & AI.,,
jain,BBA,English | HRM & Organizational Behaviour | Financial Accounting | Modern Business Environment | Generative AI for Online Learners | Financial Literacy & Planning,Business Foundations with Excel | Financial Markets & Instruments | Business Management | Business Economics | Communicative English | Quantitative Techniques for Business,Python Foundations | Marketing Management | Business Ethics & Negotiation Skills | Data Visualization | Research Methodology | Environmental Science,Entrepreneurship | Operations Management | Predictive Analytics using Machine Learning | Text Mining | Digital Business Management | International Business
amity,MBA,Accounting for Managers | Managerial Economics | Marketing Management | Statistics for Management | Professional communication,Business Research Methods | Financial Management | Human Resource Management | Legal Aspects of Business | Conflict Resolution and Management,,
amity,B.Com,Financial Accounting | Business Mathematics | Business Communication | Micro Economics | IT Fundamentals | Environmental Studies | Detailed sem-wise subjects available in Google Drive syllabus folder (amityonline.com – JS-rendered; Drive folder shared by user). Website pages conf,Cost Accounting | Business Law | Business Statistics | Macro Economics | Taxation Basics | Detailed sem-wise subjects available in Google Drive syllabus folder (amityonline.com – JS-rendered; Drive folder shared by user). Website pages confirm program structure but subjects are i,Corporate Accounting | Income Tax | Management Accounting | Financial Management | Auditing | Detailed sem-wise subjects available in Google Drive syllabus folder (amityonline.com – JS-rendered; Drive folder shared by user). Website pages confirm program structure but subjects ar,Advanced Accounting | Indirect Taxation (GST) | Company Law | Research Methodology | Detailed sem-wise subjects available in Google Drive syllabus folder (amityonline.com – JS-rendered; Drive folder shared by user). Website pages confirm program structure but subjects are in down
lpu,MBA,Managerial Economics | Financial Reporting | Statements and Analysis | Marketing Management | OB & HRM | Quantitative Techniques,Corporate Strategy and Entrepreneurship | Corporate Finance | Business Research Methods | Operations Management | Information Systems for Business,,
dayanand-sagar-universi,MBA,,,,
dayanand-sagar-universi,BCA,,,,
dayanand-sagar-universi,B.Com,Business Accounting | Managerial Economics | Management and Behavioural Practices | Corporate Governance and Business Ethics | Mastering English Communication.,Financial Accounting | Business Laws | Business Mathematics | Marketing Management | Basics of Excel.,Corporate Accounting | Advanced Financial Accounting | Business Statistics | Advanced Excel | Introduction to FinTech.,Income Tax | Auditing | Cost Accounting | Digital Banking and Financial Services | Blockchain in Finance.
dypatil,BBA,"Principles of Management, Business Communication, Financial Accounting, Business Economics, Quantitative Methods, IT for Business","Marketing Management, HRM Fundamentals, Cost Accounting, Business Law, Organizational Behaviour, Business Statistics","Aviation Industry Overview, Airport Operations Management, Airline Management, Aviation Safety & Regulations","Cargo & Freight Management, Aviation Finance, Customer Service in Aviation, IATA Regulations"
universi-of-petroleu-and,MBA,Managerial Economics | Accounting for Managers | Marketing Management | Quantitative Techniques | Operations Management.,OB & HRM | Project Management | Financial Management | Research Methodology | Business Analytics for Managers.,,
universi-of-petroleu-and,BBA,Principles of Management | Business Mathematics | Financial Accounting | Business Communication | Introduction to Digital Business,Business Economics | Business Law | Digital Marketing Fundamentals | Statistics for Business | E-Commerce Basics,Digital Business Strategy | E-Commerce Management | Social Media Marketing | FinTech & Digital Payments | UX & Design Thinking,Data Analytics for Business | AI & Automation | Cybersecurity Fundamentals | Platform Business Models | Elective I
amrita-vishwa-vidyapee,MBA,Fundamentals of Management & Organizational Behaviour | Human Resources and Organizational Development | Marketing and Consumer Behaviour | Elective 1: Foundations of Computer Systems | Soft Skills and Employability Skills,Business Finance | Operations and Supply Chain Management | Data-Driven Decision Making | Business Ethics and Strategic Management | Elective 2: Introduction to Machine Learning,,
amrita-vishwa-vidyapee,B.Com,"Communicative English, Financial Accounting,","Professional Communication, Management Accounting,","Corporate Accounting, Business Law, Banking and","Auditing, Cost Accounting, Financial Management,"
mangalay-universi,MCA,Programming in C++ | Advanced DBMS | Software Engineering | Business Intelligence & Applications,OOP using Java | Web Technologies | Python Programming | Mobile Programming | Mini Project-1,Software Engineering Advanced | Cryptography & Network Security | Mobile App Development | NoSQL Database | Mini Project-2,Industry Defined Project (Internship)
mangalay-universi,BBA,Fundamentals of Management | Business Math | Managerial Economics | Financial Accounting | Environmental Studies | English,Macro Economics | Business Statistics | Business Ethics & CSR | Communication Lab,Management Accounting | Principles of Marketing | Business Laws | IT Tools for Business,Digital Marketing | Income Tax | Personal Selling | Entrepreneurship Development
mangalay-universi,BCA,Computer Fundamentals | Programming in C | Math | Web Designing | Communication Skills,Data Structures | OOP with C++ | Math-2 | DBMS,Java Programming | Computer Networks | Software Engineering | Python,PHP & MySQL | Advanced Java | Android App Development | Mini Project-1
mangalay-universi,M.Com,Principles of Management | Financial Accounting | Marketing Management | Cost Accounting/Indian Financial System | Management of Self & Career,Financial Management | Indian Economic Policy | Business Environment | Management Accounting/Security Analysis | Operations of Stock Exchanges,Tax Planning & Management | Research Methodology | Accounting & Control System/Portfolio Management,Strategic Management | International Business | Corporate Governance & Business Ethics | Dissertation
mangalay-universi,MA,Poetry-I (Renaissance to Romantic) | Drama-I (Shakespeare to Restoration) | Prose | History of English Literature 1500-1660,Poetry-II (Victorian to Modern) | Drama-II | Fiction-I (18th-19th Century) | Literary Criticism & Theory I,Fiction-II (Modern) | Literary Criticism & Theory II | Indian Writing in English | Electives,American Literature | Research Methodology | Dissertation | Electives
mangalay-universi,MSc,Advanced Abstract Algebra | Topology | Integral Transforms | Special Functions | MATLAB | Differential Geometry,Measure Theory & Integration | PDEs | Discrete Mathematics | Analytical Mechanics,Functional Analysis | Mathematical Statistics | Optimisation Techniques | Fluid Mechanics | Python,Integral Equation | Operation Research | Integral Transforms | MATLAB | Graph Theory
shoolini,MBA,Marketing Management | Organizational Behaviour | Financial Accounting | Entrepreneurship | Creativity Decoded | Digital and Technological Solutions | Functional English,Human Resource Management | Financial Management | Career and Life Skills | Managerial Economics | Statistics for Management | Functional English - 2 | Presentation & Charts | Fundamentals of Direct Selling,,
shoolini,B.Com,"Financial Accounting, Business Mathematics, Business Economics, Functional English-1, Principles of Management | Open Elective","Cost Accounting, Business Statistics, Corporate Law, Organizational Behaviour, Functional English-2 | Open Elective","Financial Management, Taxation (Direct Tax), Auditing, Accounting for Managers | Subject Area electives","Indirect Tax (GST), Corporate Accounting, Finance electives, Strategic Management | Subject Area electives"
manipal-jaipur,MBA,Entrepreneurial Practice | Business Communication | Managerial Economics | Financial Accounting | Data Visualisation (Excel/Tableau) | Organizational Behaviour | Marketing Management.,Business Research Methods (R/Python) | Advanced Financial Management | Operations Management | Human Resource Management | Strategic Management | Legal Aspects of Business.,,
manipal-jaipur,B.Com,"Financial Accounting, Business Economics, Business Mathematics & Statistics, Business Communication, Principles of Management","Corporate Accounting, Business Law, Cost Accounting, Taxation Basics, HRM","Advanced Accounting, Income Tax Law & Practice, Financial Management, Auditing","GST & Indirect Taxes, Corporate Law, Business Research Methods, Electives"
galgotia-universi,MBA,Marketing Management | Accounting for Managers | Business Statistics | Legal Aspects | Managerial Economics.,Business Analytics | Corporate Finance | HRM | Research Method | Operations & SCM | Digital Marketing | Entrepreneurship,,
galgotia-universi,BBA,Financial Accounting | Principles of Management | Business Environment | Marketing Theory & Practices | Business Statistics | Communicative English | Office Automation Tool,Organisational Behaviour | Management & Cost Accounting | Production & Operations Management | IT Tools for Decision Making | Design Thinking | Business Economics | Business Communication 1,Financial Management | Business Communication 2 | HRM | Introduction to Business Analytics | Supply Chain Management | E-Business | Environmental Studies,Sem 4 Core: Research Methodology | CRM | Business Law | Indian Management Thought | Workshop/Seminar | Spec Sem 4: Investment Analysis & Portfolio Management | Income Tax | Financial Services
sikkim-manipal,MBA,Principles of Mgmt & OB | Marketing Mgmt | Accounting for Managers | Business Economics | Business Communication | Legal Aspects of Business | Computer Application in Mgmt.,Quantitative Methods in Mgmt | HRM | Financial Mgmt | Production & Operations Mgmt | Research Methodology & Statistical Techniques | Global Economic Environment & Policy | MIS.,,
symbiosis,MBA,Business Statistics | Marketing Management | Financial Accounting | Operations Management | Legal Aspects of Business | Human Resource Management | Research Methodology | Microeconomics | Technology in Business | Data Driven Decision Making.,Organizational Behaviour | Operations Research | Macroeconomics | Financial Management | R Programming | Project Management | Management Information Systems | Business Communication | Consumer Behaviour and Insights | Digital Marketing | Design Thinking | Innovation Management.,,
chitkara-universi,MBA,,,,
chitkara-universi,B.Com,Financial Accounting | Business Laws | Microeconomics | Cost Accounting | Banking & Insurance | Business Statistics,Corporate Accounting | Business Communication | Macroeconomics | Auditing Basics | IT for Commerce | Soft Skills,Corporate Accounting | Income Tax Law | Strategic Management | Investment Banking | Financial Institutions & Markets | Forensic Accounting,Advanced Corporate Accounting | Indirect Taxes (GST) | Company Law | Financial Services | Portfolio Management | Business Ethics
yenepoya-universi,B.Com,Financial Accounting | Business Economics | Business Management | Business Law,Corporate Accounting | Marketing Management | Business Statistics,Cost Accounting | Income Tax | Banking & Finance,Management Accounting | Auditing | E-Commerce
sharda-universi,MBA,Management Processes & Organizational Behaviour | Financial Accounting | Reporting and Analysis | Economic Analysis for Business Decision | Quantitative Techniques for Business Decision | Managerial Communication | Governance | Ethics & Sustainability.,Marketing Management | Human Resource Management | Business Research Methods | Corporate Finance & Financial Markets | Technology and Analytics for Business | Legal Aspects in Business.,,
sharda-universi,BCA,Programming for Problem Solving using C | Computer Fundamentals and Organization | Mathematical Foundations | English Communication | C Programming Lab,Object Oriented Programming using C++ | Data Structures and Algorithms | Database Management Systems | Discrete Mathematics | C++ Lab | DBMS Lab,Programming in Java | Computer Networks | Software Engineering | Probability and Statistics | Java Programming Lab | Web Technology Lab,Python Programming | Operating Systems | Computer Architecture | Web Technologies | Python Lab | OS Lab
sharda-universi,M.Com,Managerial Economics | Financial Accounting | Organizational Behaviour | Business Statistics | IT for Managers,Financial Management,Blockchain Technology in Finance | Algorithmic Trading | Cybersecurity in Banking | Insurtech &amp | Wealthtech | Elective I,Regtech &amp | Compliance | Fintech Strategy &amp | Innovation | Master Project/Dissertation
vignans-foundati-for-science,MBA,Principles of Management and Organizational Behaviour (PMOB) | Managerial Economics (ME) | Accounting for Managers (AFM) | Business Statistics and Analytics for Decision Making (BSAD) | Legal Environment for Business (LEB).,Marketing Management (MM) | Financial Markets & Corporate Finance (FM & CF) | Human Resource Management (HRM) | Operations Management (OM) | Business Research Methods (BRM) | Business Analytics (BA).,,
manonman-sundaran-universi,MA,Micro Economic Analysis I | Macro Economic Analysis I | Mathematical Economics | Indian Economy,Micro Economic Analysis II | Macro Economic Analysis II | Statistical Methods for Economics,Public Economics | International Economics | Environmental Economics | Development Economics,Monetary Economics | Industrial Economics | Agricultural Economics | Dissertation/Project
nmims,MBA,Business Communication | Financial Accounting | Micro & Macro Economics | Organisational Behaviour | Marketing Management | Quantitative Methods–I,Cost & Management Accounting | Human Resource Management | Strategic Management | Business Analytics | Legal Aspect of Business | Operations Management.,,
nmims,B.Com,Financial Accounting | Business Mathematics | Business Communication | Micro Economics | IT Fundamentals | Environmental Studies,Cost Accounting | Business Law | Business Statistics | Macro Economics | Taxation Basics (Income Tax),Business & Allied Law | Banking & Insurance | Financial Management | Advanced Financial Accounting | Audit-I | International Business & Export Import Management,Corporate & IT Law | Environment & Disaster Management | Fundamentals of Taxation | Research Methodology | Audit-II | Management Accounting
mahe-manipal,MBA,Managing People & Organizations | Financial Reporting & Statement Analysis | Managerial Economics | Business Communication | Business Statistics.,Financial Management | Marketing Management | Strategic Management | IT for Business | Business Leadership | Research Methodology.,,
mahe-manipal,B.Com,Financial Accounting | Business Mathematics | Business Communication | Principles of Management | Micro Economics | Legal Framework of Business,Advanced Financial Accounting | Cost Accounting | Business Law | Taxation (Direct) | Macro Economics | Statistics,Advanced Cost Accounting | GST & Indirect Taxation | Auditing & Assurance | Management Accounting | Corporate Finance | Elective,Corporate Accounting | Investment Analysis | Strategic Management | Financial Reporting & Analysis | International Accounting Standards | Elective
koneru-lakshmai-educatio-found,MCA,Professional Communication Skills | Computer Networks & Communications | Data Structures & Algorithms | OS Concepts | Database Systems | Computer Organization & Architecture,OOP | Data Analytics | Comprehensive Software Engineering | Professional Elective 1 | Lab sessions,Internship | Web Technologies | Essentials of Research Design | Professional Elective 3 | Term Paper,Open Elective 1 | Major Project
koneru-lakshmai-educatio-found,BBA,Integrated Professional English | Business Mathematics | Business Environment | Business Economics | Perspectives of Management | IT for Business Managers | Ecology & Environment,English Proficiency | Introduction to Financial Accounting | Business Statistics | MIS | Foreign Language | Design Thinking & Innovation-I,Business Communication Skills | Management Accountancy | Marketing Management | HRM | Business Research Methods | Macro Economics | Design Thinking & Innovation-II,Cost Accountancy | Production & Operations Management | Business Law | Financial Management | Business Model Generation | Campus to Corporate
koneru-lakshmai-educatio-found,BCA,Integrated Professional English | Mathematics for Computer Science | Problem Solving through Programming | Computer Organization & Architecture | Ecology & Environment | Essentials of IT,English Proficiency | Data Structures | OOP through Java | Mobile App Development | Web & Social Media Technologies,Software Engineering | DBMS | Computer Networks | Web Development using Python | Design Thinking & Innovation | Internship-1 | Professional Elective 1,Essential Skills for Employability | Java Full Stack Development | OOAD | Professional Elective 2 | Term Paper
chandigarh,MBA,Business | Society and Law | Financial Reporting and Analysis | Leadership & Organization Behavior | Managerial Economics | Marketing Management,People Management | Consumer Behaviour | Business Research Methods | Financial Management | Operations and Quality Management,,
chandigarh,BBA,"Microeconomics, Management Principles & Organizational Behaviour, Communication Skills, Introduction to Business Analytics & Computer Programming, Basic to Advanced Excel, Statistical Methods, Data Visualization, Machine Learning for Business, Business Intelligence","Basic to Advanced Excel, Statistical Methods, Data Visualization, Machine Learning for Business, Business Intelligence",,
visveswa-technolo-universi,BBA,"Business Accounting, Managerial Economics,","Introduction to Digital Marketing, Business","Research Methodology, Web Design and Development,","Search Engine Optimization (SEO), Content Strategy,"
integral-universi,MBA,,,,
integral-universi,BCA,Computer Fundamentals | Programming in C | Mathematical Foundation-I | Professional Communication | C Programming Lab,Data Structures using C | Operating System | Discrete Mathematics | Database Management Systems | Data Structure Lab | DBMS Lab,Object Oriented Programming using Java | Computer Networks | Software Engineering | Numerical and Statistical Techniques | Java Lab,Python Programming | Web Technologies | Computer Organization and Architecture | Financial Management | Python Lab | Web Technology Lab
integral-universi,B.Com,Financial Accounting | Business Organization | Business Communication | Micro Economics | Business Mathematics,Advanced Accounting | Marketing Management | Macro Economics | Business Statistics | Environmental Studies,Corporate Accounting | Business Law | Banking Theory | Cost Accounting | Computer Applications,Income Tax Law | Company Law | Indirect Taxes | Management Accounting | Entrepreneurship
manav-rachna-internat-institut,M.Com,Economics for Managerial Decisions – I | Quantitative Techniques | Accounting Theory and Practices | Marketing Management | Organisation Theory and Behaviour.,Cost and Management Accounting | Human Resource Management | Financial Management and Policy | Economics for Managerial Decisions – II | E-Commerce.,Business Policy and Strategic Management | Corporate Accounting Practices | Advanced Business,International Accounting | Financial Analytics | Marketing Analytics | Direct Taxation | Indirect Taxation | Investment Analysis and Portfolio Management | Project Management.
karnatak-state-open-universi,B.Com,Language 1 &amp | Indian Constitution | Human Rights and Environmental Studies | Commercial Communication–I | Financial Accounting | Business Organization &amp | Management | Micro Economics,Language 1 &amp | Fundamentals of Computer Applications | Commercial Communication–II | Macro Economics | Cost Accounting | Company Accounting,Language 1 &amp | Income Tax &amp | GST | Company Law | Business Management–II | Accounting &amp | Finance–II,Auditing | Business Law | Statistic | Business Management–III | Accounting &amp | Finance–III
hindusta-institut-of-technolo,MBA,"Management Concepts and Corporate Governance,","Marketing Management, Human Resources Management,","Strategic Management, Project Management,","Financial Derivatives, Strategic Financial"
hindusta-institut-of-technolo,BCA,Computer Fundamentals and Organization | Programming in C | Mathematical Foundations | English Communication | C Programming Lab,Data Structures and Algorithms | Operating Systems | Database Management Systems | Discrete Mathematics | Data Structures Lab | DBMS Lab,Object Oriented Programming using Java | Computer Networks | Software Engineering | Probability and Statistics | Java Programming Lab,Python Programming | Web Technologies | Computer Architecture | Financial Management | Python Programming Lab | Web Technology Lab
hindusta-institut-of-technolo,B.Com,Financial Accounting - I | Business Economics | Business Management | English - I | Tamil - I / Hindi - I,Financial Accounting - II | Marketing Management | Business Mathematics | English - II | Tamil - II / Hindi - II,Corporate Accounting - I | Business Law | Banking Theory Law and Practice | Business Statistics | Environmental Science,Corporate Accounting - II | Company Law | Indirect Taxes | Cost Accounting | General Proficiency
guru-ghasidas-vishwavi,B.Com,Financial Accounting | Business Laws | Financial Literacy | Rural Development | Creativity and Entrepreneurship | Spiritual Management | E-Commerce | Stock Market Operations,Corporate Accounting | Business Organization and Management | Business Environment | Basics of Management | Business Communication | Tribal Economics | New Venture Planning and Development | Personal Tax Planning and Tax Management,Financial Management | Income-tax Law and Practice | Principles of Marketing | Investing in Stock Markets | Advanced Financial Accounting | Indian Economy | Fundamentals of Banking,Cost Accounting | Business Mathematics | Human Resource Management | Risk Management | Working Capital Management | Fundamentals of Insurance | Financial Statement Analysis | Summer Internship
guru-ghasidas-vishwavi,M.Com,Organizational Behaviour | Statistical Analysis | Managerial Economics | Corporate Financial Accounting | Accounting for Managerial Decisions,Computer Applications in Business | Corporate Legal Framework | Financial Management | Marketing Management,Management of Financial Services | Strategic Management | Advanced Corporate Accounting | Discipline Specific Elective (e.g. | Financial Markets | International Marketing),Corporate Governance and Business Ethics | Dissertation | Discipline Specific Elective (e.g. | Security Analysis | Portfolio Management)
guru-ghasidas-vishwavi,MA,Poetry I (Renaissance to Romantic) | Drama I (Shakespeare to Sheridan) | Prose | History of English Literature,Poetry II (Victorian to Modern) | Drama II (Ibsen to Beckett) | Fiction I (18th-19th Century) | Literary Criticism and Theory I,Fiction II (Modern) | Literary Criticism and Theory II | Indian Writing in English | Elective (Linguistics and Stylistics | New Literatures in English),American Literature
dr-babasahe-ambedkar-open,MCA,Data Structure and Algorithms | Relational Database Management System | Web Development Technologies | Operating Systems | Software Engineering and Software Project Management | Programming Skills - I.,Object Oriented Concepts and Programming | Web Application Development using PHP | Web Development Technologies with ASP.Net | Computer Networking | Electives-I (Select one: Cloud Infrastructure and Services / Data Analytics using &quot | R&quot | / Applications and Network Security) | Programming S,Object Oriented Unified Modeling | Problem Solving using Python | Cross Platform Mobile Application Development | Internet Programming with Java | Electives-II (Select one: Principles of Cyber Security / Artificial Intelligence and Machine Learning / Components and Applications of Internet of Things,Internship cum Industrial Project.
dr-babasahe-ambedkar-open,BCA,Fundamental of Programming using C language | Fundamental of Computer &amp | Information Technology | Introduction to Internet Technologies and HTML | Financial Accounting and Management | Communication Skills-I | Environmental Studies-I.,Operating System and Software Installation | Data Structure Using C | Database Management System (DBMS) | Digital Electronics and Computer Organization | Communication Skills-II | Environmental Studies-II.,Object Oriented Concepts &amp | Programming - I | Introduction to Computer Network | Relational Database Management System (RDBMS) | Cyber Security | Digital Marketing and SEO | Personality Development-I.,Object Oriented Concepts &amp | Programming-II (Advance Java) | System Analysis and Design | Web Technology using FOSS (LAMP/WAMP) | System Programming and Introduction to Microprocessor | Basics of French Language | Personality Development-II.
dr-babasahe-ambedkar-open,B.Com,Business Organization | Financial Accounting | Business Economics | Principles of Management | Communication Skills.,Corporate Accounting | Business Law | Company Law | Banking and Finance | Environmental Studies.,Cost Accounting | Income Tax | Business Mathematics | Human Resource Management | Marketing Management.,Auditing | Management Accounting | Financial Management | E-Commerce | Entrepreneurship.
dr-babasahe-ambedkar-open,MA,Microeconomics – I | Macroeconomics – I | Quantitative Methods in Economics – I | Environmental Economics – I | Industrial Economics- I.,Microeconomics- II | Macroeconomics- II | Environmental Economics – II | Industrial Economics- II | Cooperation.,International Economics | Quantitative Methods in Economics- II | Economics of Demography | Public Economics,Indian Economy | Theories of Economic Growth and Development | Indian Economic Thinkers | Financial Institutions and Market | Modern Economic Philosophy OR Project.
marwadi-universi,B.Com,Not Mentioned (Verbatim subjects missing from specific link),Not Mentioned (Verbatim subjects missing from specific link),Not Mentioned (Verbatim subjects missing from specific link),Not Mentioned (Verbatim subjects missing from specific link)
pp-savani-universi,BBA,,,,
pp-savani-universi,M.Com,,,,
universi-of-mysore,MCA,Computer Organization and Architecture | Data Structures and Algorithms | Mathematical Foundations of Computer Science | Operating System | Database Management Systems | Data Structures Lab | DBMS Lab.,Object Oriented Programming with Java | Computer Networks | Software Engineering | Python Programming | Analysis and Design of Algorithms | Java Lab | Python Lab.,Web Technologies | Artificial Intelligence | Mobile Application Development | Elective 1 | Elective 2 | Web Technologies Lab | Mobile App Lab.,Cloud Computing | Cyber Security | Major Project / Internship.
universi-of-mysore,BBA,Principles of Management | Business Economics | Financial Accounting | English | Environmental Studies.,Organizational Behaviour | Marketing Management | Human Resource Management | Business Mathematics | Constitution of India.,Financial Management | Cost Accounting | Business Law,Strategic Management | Entrepreneurship Development | Business Statistics | International Business | Elective 1.
universi-of-mysore,BCA,Computer Fundamentals | Programming in C | Mathematics - I | English | Web Designing.,Data Structures | Object Oriented Programming with C++ | Mathematics - II | Database Management Systems | Environmental Studies.,Java Programming | Operating Systems | Computer Networks | Software Engineering | Python Programming.,PHP and MySQL | Advanced Java | Android Application Development | Elective 1 | Mini Project.
universi-of-mysore,B.Com,Business Organization and Management | Financial Accounting - I | Business Economics | English | Environmental Studies.,Corporate Accounting - I | Business Law | Banking and Finance | Business Mathematics | Constitution of India.,Financial Accounting - II | Cost Accounting | Income Tax - I | Marketing Management | Management Information Systems.,Corporate Accounting - II | Income Tax - II | Business Statistics | Auditing | Elective 1.
universi-of-mysore,M.Com,Business Policy and Environment | Statistical Analysis | Marketing Management | Financial Management | Accounting Theory | Business Communication.,Managerial Economics,Strategic Management | Advanced Cost and Management Accounting | Elective 1 | Elective 2 | Elective 3.,International Business | Corporate Governance and Business Ethics | Elective 4 | Elective 5 | Dissertation / Project.
aligarh-muslim-universi,BA,English Language I | Ethics and Culture/Sunni Theology/Shia Theology | Compulsory Urdu/Elementary Urdu | Introduction to English Literature-I | Indian Writing in English-I,English Language II | Ethics and Culture/Sunni Theology/Shia Theology | Compulsory Urdu/Elementary Urdu | Introduction to English Literature-II | Indian Writing in English-II,English Language III | Environmental Studies | Compulsory Urdu/Elementary Urdu | British Literature-I | American Literature-I,English Language IV | Environmental Studies | Compulsory Urdu/Elementary Urdu | British Literature-II | American Literature-II
gujarat-universi,B.Com,,,,
gujarat-universi,M.Com,,,,
gujarat-universi,BA,Prose | Poetry | Indian Writing in English | Reading and Writing Skills.,The English Novel: Background | History and Development | Writing for Media | Linguistics and Phonetics.,Poetry and Poetic Forms | Comparative Literature | Shakespearean Drama.,Indian Literature in English Translation | World Literature | English Grammar and Usage | Literary Criticism – 2.
charotar-universi-of-science,MCA,Cloud Computing | Web Development using Open Source Technologies | Enterprise Computing using Java EE | Programming with .NET Architecture | Database Technologies | Academic Speaking and Presentation Skills.,Programming in Python | Advanced Web Designing | Advanced Mobile Programming | Software Engineering with Agile and DevOps | Academic Writing.,Data Analytics | Software Quality Assurance | Green Computing | Minor Project Work.,Dissertation / Project Work - Industrial Training.
charotar-universi-of-science,BBA,"Communicative English, Principles and Practices of","Fundamentals of Economics, Quantitative Techniques,","Financial Management, Human Resource Management,","Human Values and Professional Ethics, Fundamentals"
charotar-universi-of-science,BCA,Information Technology Trends | Foundation of Programming | Digital Computer Fundamentals | Fundamentals of Web Designing | Communicative English.,Fundamentals of E-Commerce | Advanced Web Designing | Fundamentals of Object Oriented Programming | Database Fundamentals | Seminar.,Computer Oriented Management Systems | System Analysis and Design | Fundamentals of Data Structures and Algorithms | Fundamentals of Operating Systems | Environmental Sciences | Case Study.,Software Engineering | Advanced Database System | Open Source Technology | Computer Networks | Human Values and Professional Ethics | Domain Specific Elective - I.
gls-universi,B.Com,"Fundamentals of Accounting - I, Language","Fundamentals of Accounting - II, Computer","Cost Accounting - I, Direct and Indirect Taxation -","Cost Accounting - II, Direct and Indirect"
maharish-markande-universi,MCA,Data Structure Using C++ | Advanced Database Management System | Operating System | Software Engineering | Business Intelligence and Its Applications | Data Structure Using C++ Lab | Advanced Database Management System Lab | Bridge Course,Object Oriented Programming Using Java | Web Technologies | Python Programming | Mobile Programming | Mini Project – 1 | Electives (Node/Angular/React JS),Software Engineering (Advanced) | Cryptography &amp | Network Security | Artificial Intelligence | Mobile Application Development | NoSQL Database | Mini Project – 2,Industry Defined Project (Internship) / Major Project
maharish-markande-universi,BCA,Not Mentioned (Verbatim subjects unavailable in link | includes Foundation and Computer Fundamentals),Object Oriented Programming Using C++ | Data Structure | System Analysis and Design | Hindi | Environment Education | C++ Lab | Data Structure Lab | Seminar-I,Not Mentioned (Standard BCA core subjects),Not Mentioned (Standard BCA core subjects)
maharish-markande-universi,B.Com,"Financial Accounting, Principles of Management,","Business Statistics, Business Laws, Business Ethics","Corporate Accounting, Fundamentals of Investment,","Financial Management, Cost Accounting, Auditing and"
dr-mgr-educatio-and,MBA,Principles of Mgmt & Behavioral Science | Managerial Economics | Basic Accounting | Business Legislation | Business Statistics | E-Commerce | Labs: Computer App | Business Comm.,Marketing Mgmt | HRM | Research Methodology | Talent Mgmt | Strategic HRM | Industrial Relations | Labs: Tally | Business Etiquette.,,
uttaranc-universi,MBA,Principles and Practices of Management | Accounting for Managerial Decisions | Economics for Managers | Business Environment | E-Commerce.,Emerging Business Law | Business Research Methods | Marketing Management | Business Analytics | Operations Management.,,
andhra-universi,MCA,IT & Programming with C | Computer Organization,Data Structures | Microprocessors | Operating Systems | DBMS,Software Engineering | Computer Networks | Web Technologies | Python,Seminar on Recent Trends in IT | Major Internship Project
andhra-universi,MA,Foundations of Sociology | Sociological Theories-I,Research Methods in Social Sciences | Indian Social Structure,Political Sociology | Economic Sociology,Contemporary Sociological Theories | Project
sgt-universi,B.Com,Management Concepts &amp | Organizational Behaviour | Financial Accounting | Artificial Intelligence For Everyone | Business Environment | Foundational Course: Communicative English | Design Thinking &amp | Innovation | Environmental Science.,Human Resource Management | Principles of Marketing | Business Statistics | Business Laws | Advanced Course: Communicative English | Basics of Entrepreneurship Skills | Human Values &amp | Ethics.,Business Economics | Corporate Accounting | Business,Cost Accounting | Taxation Laws | Financial Markets &amp | Services | Data Analysis Using Excel | Campus to Corporate: Professional Communication and Workplace Skills | Corporate Governance and CSR.
universi-of-himachal-pradesh,MA,Microeconomic Theory | Mathematics for Economists | Contemporary issues in Indian Economy-I | Statistical Methods | Basics of Macro Economics | Indian Knowledge System | Foundation of Indian Culture.,Macroeconomic Theory | Development Economics | International Economics | Introductory Econometrics | Indian Economic Thought (IKS) | Contemporary Issues in Indian Economy-II | Cultural Heritage of Bharat.,Public Economics,Agricultural Economics | Econometrics with Statistical Software - II | Academic Writing for Economics (Theory) | Academic Writing for Economics (VivaVoce) | Dissertation (M.A.) | Viva-Voce.
mahatma-gandhi-universi,MBA,"Management Process and Applications, Managerial","Organizational Behaviour, Marketing Management,","Strategic Management, Management Information","Entrepreneurship and Small Business Management,"
vellore-institut-of-technolo,MBA,"Management Theory and Practice, Organizational","Marketing Management, Human Resource Management,","Business Analytics, Business Law and Ethics, Indian","Applied Fintech for Business, Wealth Tech and"
karunya-institut-of-technolo,MBA,"Accounting for Managers, Marketing for Business,","Business Research Methods, Quantitative Techniques","Legal Aspects of Business, Corporate Strategy,","Innovation and Entrepreneurship, Ethics and"
karunya-institut-of-technolo,B.Com,"English for Communication, Financial Accounting -","Professional English, Financial Accounting - II,","Business Law, Advanced Accounting, Income Tax,","Corporate Accounting-I, Principles of Auditing,"
kurukshe-universi,MBA,Management Process & OB | Business Statistics | Managerial Economics | Financial Accounting | Business Communication | Indian Economy & Business Environment,Marketing Management | Financial Management | HRM | Business Research Methods | Operations Management | Computer Applications in Management.,,
kurukshe-universi,B.Com,Financial Accounting | Business Laws | Business Management | Language Communication,Computerized Accounting System | Company Law | Business Statistics | Environmental Studies | Human Value and Ethics,Corporate Accounting | Income Tax Law | Principles of Marketing | Personality Development,Cost Accounting | GST & Customs Law | Human Resource Management | Community Development
sastra-deemed-universi,MBA,Foundations of Management & Organisational Behaviour | Economics for Decision Making | Accounting for Managers | Business Research Methods,Contemporary Marketing Management | People Management | Financial Management | Operations & Supply Chain Management | Master Class I,Strategic Management | Business Analytics and Data Visualisation | Investment Analysis & Portfolio Management | Financial Markets & Mutual Funds | Project Management,Corporate Laws and Governance | Behavioural Finance | Managing Banks and Financial Institutions | Personal Finance and Wealth Management | Master Class II | Project Work
dr-dy-patil-vidyapeeth,MBA,Principles & Practices of Management | Organisational Behaviour | Management Accounting | Managerial Economics | Business Communication | Research Methodology | Environment Awareness and Disaster Management.,Human Resource Management | Marketing Management | Financial Management | Operations Management | Management Information System | Strategic Management & Business Policy | Entrepreneurship Development.,,
jamia-millia-islamia-universi,MBA,"Management Concepts and Practices, Quantitative","Organizational Behaviour, Marketing Management,","Business Law, Entrepreneurship Development,","Strategic Management, Corporate Governance and"
christ-deemed-to-be,B.Com,Fundamentals of Accounting | Financial Accounting and Reporting | Business Mathematics and Statistics.,Auditing | Financial Management | Corporate Law.,Management Accounting | Financial Markets and Services | Organizational Behaviour.,Income Tax | Corporate Law (Advanced) | Indirect Taxation.
shobhit-universi,MCA,Mathematical Foundation for Computer Science | Computer Organization &amp | Architecture | Data Structures and Algorithms | Database Management Systems | Object Oriented Programming using Java | Java Lab.,Design and Analysis of Algorithms | Computer Networks | Operating Systems | Software Engineering | Python Programming | Python Lab.,Machine Learning | Cloud Computing | Big Data Analytics | Cryptography and Network Security | Professional Ethics | Mini Project.,Major Project.
shobhit-universi,BBA,Principles of Management | Business Economics | Financial Accounting | Business Communication | Business Mathematics.,Organizational Behavior | Marketing Management | Business Statistics | Environmental Studies | Macro Economics.,Human Resource Management | Cost Accounting | Business Law | IT in Management | Production &amp | Operations Management.,Financial Management
shobhit-universi,BCA,Computer Fundamentals | Programming in C | Mathematical Foundation-I | Communication Skills | C Programming Lab.,Data Structures using C | Operating System | Discrete Mathematics | Database Management Systems | Data Structures Lab.,Object Oriented Programming using Java | Computer Networks | Software Engineering | Numerical and Statistical Techniques | Java Lab.,Python Programming | Web Technologies | Computer Organization and Architecture | Python Lab.
bharati-vidyapee-universi,MBA,,,,
bharati-vidyapee-universi,MCA,Applied DBMS | Computer Networks | Java Programming | Computational Statistics | Management Concepts & Applications,Object Oriented Software Engineering | Cloud Computing Concepts | Data Structures using Python | Data Warehousing & Data Mining | Web Supporting Technologies,Software Design Patterns | Artificial Intelligence | Information Security | Specialisation Electives,Seminar on Recent Trends in IT | Major Internship Project (60 days)
bharati-vidyapee-universi,BBA,Management Fundamentals | Business Mathematics | Managerial Economics | Financial Accounting,Macro Economics | Business Statistics | Business Ethics & CSR,Management Accounting | Principles of Marketing | Business Laws | IT Tools for Business,Digital Marketing | Income Tax | Personal Selling | Entrepreneurship Development
bharati-vidyapee-universi,BCA,IT Trends | Foundation of Programming | Digital Computer Fundamentals | Web Designing Fundamentals | Communication Skills,E-Commerce Fundamentals | Advanced Web Designing | OOP | Database Fundamentals,Computer Oriented Management Systems | System Analysis & Design | Data Structures & Algorithms,Software Engineering | Advanced DBMS | Open Source Technology | Computer Networks | Elective-I
assam-down-town-universi,MBA,Principles of Management | Managerial Economics | Management Communication | Marketing Management | Business Ethics and CSR | Financial Accounting,Financial Management | Quantitative Methods | Entrepreneurship Development | Market Research | Human Resource Management | Organizational Behaviour,,
assam-down-town-universi,BBA,Management Concepts and Practices | Fundamentals of Financial Accounting | Business Economics | Communicative English | Entrepreneurship Principles and Practices | Understanding India | Environmental Studies,Ethics | Values and Corporate Social Responsibility | Marketing,Principles of Marketing | Fundamentals of Human Resource Management | Introduction to Financial Management | Emotional Intelligence | Managerial Communication | Minor Internship,Personal Financial Planning | Consumer Behaviour | Business Mathematics and Statistics for Decision Making | Elective I | English
assam-down-town-universi,BCA,Programming in C Language | Computer Programming in C Language (Theory/Lab) | Cyber Law and Ethics | Computer Fundamentals | Fundamentals of Business &amp | Economics | Environmental Studies | Service Learning | Business Communication,Data Structures Using C (Theory/Lab) | E-commerce Technologies | Hardware and Server Maintenance | Communicative English I | Indian Economy | Digital and Technological Solutions | Understanding India | Service-Learning Practice,Introduction to Java Programming (Theory/Lab) | Digital Logic Design (Theory/Lab) | Enterprise Resource Planning | Multimedia and Graphics | Service-Learning Practice | Emotional Intelligence,Operating System (Theory/Lab) | Computer Organization and Architecture (Theory/Lab) | Relational Database Management Systems (Theory/Lab) | Basics of Web Designing (Theory/Lab) | Communicative English II
assam-down-town-universi,MA,State and its Elements | Introduction to the Public Administration | Comparative and Development Administration | Public Policy | Engaged Policy and Governance Elective Group I | Policy Formulation-Structures and processes Elective Group II,Administrative Theory and Principles | Indian Administration | Public Personnel Administration,Budget and Financial Administration in India | Social Welfare Administration | Environmental Governance | Citizens and Administration | Policy Analysis ELECTIVE GROUP I | Dissertation-Phase I | Data Management and Visualization | Innovation in Governance | Service Learning-(Community Engagement),Decentralization and Local Governance | E-Governance | Policy Implementation (PP) ELECTIVE GROUP I | Tribal Development Policy In North East India | Dissertations-Phase II | Service-Learning Project
universi-of-lucknow,B.Com,Financial Accounting | Commerce core (Sem 1),Commerce core (Sem 2),Commerce advanced (Sem 3),Commerce advanced (Sem 4)
jss-academy-of-higher,BBA,"Part I English I, Part II English I, Financial","Part I English II, Part II English II, Financial","Part I English III, Part II English III, Management","Principles of Management, Business Data Processing,"
alliance-universi,MBA,Intelligent Economics for Managers | Accounting for Managerial Decisions | Marketing | Theory and Practice | Operations Management | Organizational Behaviour,Business Statistics | Applied Business Research Methods | Macroeconomic Environment and Policy | Corporate Finance using AI | Human Resource Management,,
alliance-universi,B.Com,"Foundation of Business English, Principles and","English for Business Communication, Hindi / Kannada","International Business, Economic Analysis for","Marketing Management, Decision Analysis, Human"
desh-bhagat-universi,B.Com,"Introduction to Business, Principles of Economics,","Corporate Accounting, Business Environment,","Cost Accounting, Human Resource Management,","Management Accounting, Income Tax Law and Practice,"
ganpat-universi,BBA,"Fundamentals of Management, Foundation of","Marketing Management, Financial Statement Analysis,","Financial Management, Human Resource Management,","E-Commerce, Business Research Methods, Project --"
amet-universi,MBA,,,,
amet-universi,B.Com,"Financial Accounting, Micro Economics, Business","Corporate Accounting, Macro Economics, Business","Advanced Corporate Accounting, Cost Accounting,","Management Accounting, Auditing, Income Tax Law and"
guru-nanak-dev-universi,M.Com,Core M.Com subjects,Core M.Com subjects,Advanced Commerce subjects,Electives + Project
jaypee-universi,MBA,Economics | Financial Accounting | Marketing Mgmt | Business Stats (Excel) | Operations Mgmt | Corporate Finance | Digital Transformation.,Legal Aspects | HRM | Innovation & Entrepreneurship | Management Accounting | Business Research | Business Analytics | Digital Marketing | Capstone Project.,,
jaypee-universi,BBA,Management Concepts and Practices | Micro Economics | Financial Accounting | Business Communication | Business Mathematics,Organizational Behaviour | Macro Economics | Managerial Accounting | Business Statistics | Marketing Management,Human Resource Management | Production and Operations Management | Business Law | Cost Accounting | Computer Applications in Business,Financial Management | Management Accounting | Research Methodology | Entrepreneurship Development | Management Information System
savitrib-phule-pune-universi,BBA,• Principles of Management | • Business Communication | • Business Economics (Micro) | • Business Mathematics | • Business Demography | • Compulsory English,• Business Organization and System | • Principles of Marketing | • Principles of Finance | • Basics of Cost Accounting | • Business Statistics | • Compulsory English,• Personality Development | • Business Ethics | • Human Resource Management | • Management Accounting | • Specialization Subject – I | • Specialization Subject – II,• Business Exposure (Field Study) | • Supply Chain Management | • Entrepreneurship Development | • Business Law | • Specialization Subject – III | • Specialization Subject – IV
srm-sikkim-universi,BBA,"Professional Communication, Principles of","Management and Cost Accounting, Organizational","Operations Research in Business, Financial","Strategic Management, Basics of Consumer"
sathyaba-institut-of-science,BBA,"Principles of Management, Business","Financial Accounting-II, Marketing Management,","Corporate Accounting-I, Business Law, Banking","Corporate Accounting-II, Company Law, Indirect"
sathyaba-institut-of-science,MSc,Financial Accounting-I | Business Economics | Business Management | English-I | Tamil-I/Hindi-I.,Financial Accounting-II | Marketing Management | Business Mathematics | English-II | Tamil-II/Hindi-II.,Corporate Accounting-I | Business Law | Banking Theory Law &amp | Practice | Business Statistics | Environmental Science.,Corporate Accounting-II | Company Law | Indirect Taxes | Cost Accounting | General Proficiency.
vellore-vit-online,MCA,Database Management Systems | Computer Architecture and Organization | Mathematical Foundations of Computer Applications | Data Structures and Algorithms | Software Engineering | Database Management Systems Lab | Data Structures and Algorithms Lab,Object Oriented Programming | Operating Systems | Computer Networks | Design and Analysis of Algorithms | Elective I | Object Oriented Programming Lab | Operating Systems Lab,Data Warehousing and Data Mining | Web Technologies | Elective II | Elective III | Elective IV | Web Technologies Lab | Mini Project,Elective V | Elective VI | Major Project
karunya-kcode-universi,B.Com,English for Communication | Financial Accounting - I | Business Organization | Business Economics | Principles of Marketing,Professional English | Financial Accounting - II | Banking Theory Law and Practice | Company Law and Secretarial Practice | Business Statistics With R,Business Law | Advanced Accounting | Income Tax | Business,Corporate Accounting-I | Principles of Auditing | Cost Accounting -I | Indirect Taxes | Management Accounting
anna-universi,MBA,"Management Concepts, Statistics for Management,","Marketing Management, Human Resource Management,","Strategic Management, International Business","Professional Elective VI, Project Work"
anna-universi,MCA,Mathematical Foundations of Computer Science | Advanced Data Structures and Algorithms | Advanced Database Management Systems | Advanced Software Engineering | Python Programming | Advanced Database Management Systems Laboratory | Data Structures and Algorithms Laboratory,Object Oriented Programming | Computer Networks | Operating Systems | Data Science | Web Application Development | Object Oriented Programming Laboratory | Web Application Development Laboratory,Data Mining and Data Warehousing | Cloud Computing Technologies | Mobile Application Development | Professional Elective I | Professional Elective II | Software Development Laboratory | Mini Project,Professional Elective III | Professional Elective IV | Project Work
vels-institut-of-science,BBA,Principles of Management | Business Communication | Financial Accounting | Micro Economics | Business Mathematics,Organizational Behaviour | Marketing Management | Macro Economics | Business Statistics | Environmental Science,Human Resource Management | Production & Operations Management | Business Law | Cost Accounting | Computer Applications in Business,Financial Management | Management Accounting | Research Methodology | Entrepreneurship Development | Management Information System
northcap-universi,B.Com,"Statistics & Research Methodology-I, Principles of","Statistics & Research Methodology-II, Financial","Income Tax, Marketing Management, Fundamentals of","Human Values & Professional Ethics, Computer"
noida-internat-universi,MBA,Management Concepts & Organizational Behavior | Managerial Economics | Accounting for Managers | Business Communication | Business Statistics | Marketing Management | Computer Application For Business.,Financial Management | International Business Environment | Human Resource Management | Production & Operation Management | Business Research Method | Management Information System | Business Ethics & CSR | SPSS Training.,,
noida-internat-universi,BBA,Principles of Management | Basic Accounting | Business Economics | Business Communication | Business Mathematics | Information Technology,Organizational Behaviour | Marketing Management | Financial Accounting | Business Statistics | Managerial Economics | Computer Applications,HRM | Operations Management | Business Law | Cost Accounting | Management Information Systems,Financial Management | Research Methodology | Entrepreneurship Development | Strategic Management
iift,MBA,,,,
gujarat-technolo-universi,MBA,"Information Technology for Business, Principles of","Financial Management, Human Resource Management,","Strategic Management, Global Business Strategy,","International Financial Management, International"
birla-institut-of-technolo,MBA,,,,
datta-meghe-institut-of,MBA,"Managerial Economics, Financial Accounting &","Operation Management, Financial Management, Human","Corporate Strategy, Entrepreneurship Management,","Project II - Industry Project, DSE - V, DSE - VI"
kiit-universi,B.Com,Environmental Studies | Financial Accounting | Business Law | Business Statistics | Computer Application & Data Management | Accounting for Everyone,Professional Communication | Cost & Management Accounting | Corporate Law | Business Economics | Entrepreneurship Development & Startup Strategies | Entrepreneurship for 21st Century,Corporate Accounting | Direct-tax Law & Practice | Financial Management | Management Principles & Application | E-Commerce | Digital Commerce,Business Mathematics | GST Laws & Practice | Human Resource Management | Principles of Marketing | Business Research Methodology | Principles & Practice of HRM
centurio-universi-of-technolo,MBA,"Quantitative Techniques, Micro Economics,","Economic Environment of Business, Indian Society","Project Management, Introduction to PLM5 (Platforms",
guru-kashi-universi,MCA,,,,
jaipur-national-universi,BBA,"Financial Accounting, Managerial Economics,","Principles and Practices of Management, Marketing","HR Management, Financial Management, Business Law,","International Business, Consumer Behavior, Business"
bs-abdur-rahman-institut,MBA,"Management Concepts, Managerial Economics,","Strategic Management, Human Resources Management,","Specialisation Elective I, Specialisation Elective","Project Management, Project Work (Dissertation),"
srm-institut-of-science,MBA,"Management Principles and Practices, Organizational","Financial Management, Marketing Management, Human","Strategic Management, Business Law, Elective I,","Business Ethics and Corporate Governance, Elective"
universi-of-madras,MBA,"Management Principles and Business Ethics,","Marketing Management, Human Resource Management,","Strategic Management, Management Information","Business Law, Project Work, Elective 4, Elective 5"
kalasali-academy-of-research,MBA,"Management Principles, Organizational Behavior,","Financial Management, Marketing Management, HR","Strategic Management, Business Law, Specialisation","Business Ethics & Corporate Governance,"
alagappa-universi,B.Com,"Financial Accounting - I, Business Management,","Financial Accounting - II, Marketing Management,","Corporate Accounting - I, Business Law, Business","Corporate Accounting - II, Cost Accounting, Banking"
bharathi-universi,BBA,Language - I | English - I | Principles of Management | Basis of Business Statistics | Environmental Studies,Language - II | English - II | Organizational Behavior | Economics for Executives | Value Education - Human Rights,Financial Accounting | Production and Operations Management | Marketing Management | PC Software (MS Office) - Theory | PC Software (MS Office) - Practical,Human Resource Management | Business Law | Cost &amp | Management Accounting | Introduction to Business Analysis | Naan Mudhalvan - Skill Course
icfai-foundati-for-higher,MBA,,,,
shiv-nadar-institut-of,MBA,"Managerial Economics, Financial Accounting &","Financial Management, Human Resources Management,","Strategic Management, Professional Ethics, Elective","Elective 5, Elective 6, Elective 7, Elective 8,"
gla-universi,MBA,,,,
jagan-nath-universi,MBA,"Management Concepts & Organizational Behaviour | Managerial Economics | Quantitative Techniques | Financial Reporting, Statements & Analysis | Business Environment | Business Communication",Marketing Management | Human Resource Management | Financial Management | Production & Operations Management | Business Research | Management Information System,Strategic Management & Governance | Minor Project | Major Elective I | Major Elective II | Major Elective III | Minor Elective I | Minor Elective II,Project Management | Major Project | Comprehensive Viva | Major Elective IV | Major Elective V | Minor Elective III
teerthanker-universi,MBA,,,,
subharti-universi,MBA,"Principles & Practice of Management, Managerial","Management Accounting, Marketing Management,","Business Policy & Strategic Management, Business","Total Quality Management, Entrepreneurship"
arka-jain-universi,MBA,Human Resource Management | Business Economics | Sustainability and Ethics | Financial Reporting and Corporate Finance | Organizational Behavior and Human Resources Management | Quantitative Techniques for Business Decisions | Generative AI for Online Learners,Entrepreneurship | Marketing Management | Operations Research | Business Law and Corporate Governance | Business Analytics and Artificial Intelligence,,
madurai-kamaraj-universi,B.Com,Financial Accounting | Business Law | Cost Accounting | Business Communication,Auditing | Corporate Accounting | Taxation basics | Business Statistics,Advanced Accounting | Income Tax | Financial Management,GST | Corporate Finance | Business Law advanced
chatrapa-shahuji-maharaj-unive,B.Com,⚠️ Syllabus not available,⚠️,⚠️,⚠️
mats-universi,B.Com,⚠️ Semester subjects not available — verify from matsuniversity.ac.in,⚠️ Verify from matsuniversity.ac.in,⚠️ Verify from matsuniversity.ac.in,⚠️ Verify from matsuniversity.ac.in